Millard Brown Digital,BSG Team Ventures,Civic Entertainment Group,Fortress Investment Group,SSA & Company,Babbel,The Millennium Alliance,Emerging Blue,MRM//McCann,Murray Resources,Flexis Capital LLC,Sopris Capital Associates,Fremont Private Holdings,Credit Suisse,"The Lisbon Group, LLC",Mooreland Partners,Tom Ford,"MTS Health Partners, L.P.",Hunter SF,Seat Geek,David Yurman,Weebly,"Recovery Brands, LLC","A. Gary Shilling & Co., Inc.","Media, Entertainment, Leisure Investment Banking Boutique",Green Key Resources,Needham & Company,First Republic Bank,"Bond Street Group, LLC",Morgan Stanley,80Twenty,Masons of California,drive.ai,"Mosser Capital Management, LLC",Rodan + Fields,JPMorgan Chase & Co.,DevFactory,Sumitomo Mitsui Banking Corporation,Mission Staffing,Dynamics Associates,The Trium Group,XL Catlin,"The Marks Group, Inc.",Two Sigma,CBRE,Wallace Church & Co.,WE Communications,Confidential,Hireforce,Frost & Sullivan,Major International Bank,Springer Nature,Sennheiser Electronic Corporation,Turn Inc.,Zynga,ACM Management Company,Fitbit,Saba Software,Prudential Financial,KPMG US,Soho House & Co,Canaan Partners,Big Brothers Big Sisters,Cameron Craig Group,Madison Black USA,UBS,Memorial Sloan Kettering Cancer Center,Zenefits,Bounce Exchange,Quest Groups LLC,MullenLowe Profero,Totokaelo,LivePerson,TIBCO Software Inc.,Horizon Media,Bloomberg LP,Coach,NICE Actimize,"Baker Tilly Virchow Krause, LLP",VelvetJobs,Macy's,RARE Digital,"PolyDrop, LLC",Outbrain,Elite Boutique,Prodigious,Havas Media Group,DNV GL,Guggenheim Partners,Zocdoc,Thornton Tomasetti,Macmillan Learning,MADEO,D.A. Davidson Companies,Two's Company,Jones Knowles Ritchie,Investment Banking Boutique,Pacific View Asset Management
Market Research Supervisor,Senior Vice President Corporate Development,Junior Creative,Private Equity Analyst - Energy,Private Equity Analyst,Freelance Blogger,Freelance Graphic Event Designer,Freelance Copywriter,Freelance Copywriter,Freelance Copywriter,Private Equity Associate,Private Equity Associate,Private Equity Associate,Private Equity Associate,Chemical Process Engineer,M&A / Investment Banking Analyst,Art Department Assistant,Investment Banking Analyst,Analyst/Associate for Top Private Equity Firm,Junior Marketing Analyst,VP of Loss Prevention,Head of Program Management,Quantitative Research Analyst,Securities Trader,Investment Banking Analyst,Public Affairs Assistant,Equity Research Associate,Corporate Communications Coordinator,Junior Credit Analyst,Equity Research - Biotechnology Associate,Event Producer,Creative Services Coordinator,"Engineer, Motion Planning",Investment Associate,Event Producer,CIB - Quantitative Research Emerging Markets - Associate,Social Media Coordinator,Junior Credit Analyst,Private Equity Valuation Analayst,Investment Analyst,"VP, Business Development and Operations",Investment Analyst,Salesforce Administrator,Data Research and Acceleration Analyst,Research Data Analyst,Brand Strategist,Creative Producer,Investment Analyst,Salesforce Administrator,Event Producer,Project Manager - PMO,Editorial Assistant/Assistant Editor,Social Media Coordinator,Salesforce Administrator,Social Media Coordinator,Investment Associate,Salesforce Administrator,Salesforce Administrator,"Investment Analyst, Prudential Capital Group","Associate, Alternative Investments",Salesforce Administrator,Investment Analyst,Special Events Manager,Computational Chemist,Video Editor,Investment Structuring Analyst,Investment Analyst,Salesforce Administrator,Video Editor,Salesforce Administrator,Paid Search & Social Coordinator,Retoucher,Salesforce Administrator,"Senior Director, Professional Services",Video Editor,Features Editor - Digital,"Temp - Coordinator, Project Management",Senior Director Professional Services,Chief Sales Officer,Freelance Graphic/Packaging Designer,"Manager, Special Events",Photo Retoucher,Research Chemist,Salesforce Administrator,Investment Banking Associate M&A,Video Editor,Assistant Media Planner,Energy Analyst - Wind,Investment Banking Associate,Salesforce Administrator,Energy Analyst,Assistant Media Editor,Communication Strategist,Investment Banking Associate,Fashion & Still Life Photographer,Visualizer/Retoucher,Investment Banking Associate,Equity Analyst
Market Research Associate Client Analyst,Business Development Associate / Inside Sales Representative,,RMBS/Whole Loans Trading and Structuring Analyst,Data Scientist,,Inside Sales Executive (Entry Level),Apparel Texile / Graphic Designer - Gymboree,User Experience Architect,Private Equity Analyst/Associate - Energy,,,,Director - Global Credit Policy,,,Digital Marketing Associate,Investment Banking Associate,"Associate, Investor Relations/Business Development",,Digital Marketing Manager,,Quality Assurance Analyst,,,PR Coordinator,"IT Specialist, Trading Desk",Quantitative Analyst,Software Engineer,Equity Research Associate - REITs,Copywriter,,,,Creative Project Manager,Automation Quality Assurance Analyst,,Product Analyst,Fund Accounting Manager,Product Controller,Consultant or Associate,Contruction Risk Engineer,Software QA Engineer,Insurance Data Analytics,Business Analyst,Senior Packaging Designer,Account Director - Technology,,Sr. Salesforce Developer,Membership Services Manager,,Assitant Editor,Trade Marketing Manager,,Economist / Data Scientist,,Failure Analysis Engineer,Product Manager,Financial Professional Associate,Cognititve AI Data Scientist,Front Office Manager,,,Lead Internal Auditor,Creative Director,Executive Assistant / Marketing Coordinator,"Senior Manager, Consumer Advertising",Database Engineer,Marketing Campaign Analyst,Director of Lifecycle Marketing,Office Coordinator,Graphic Designer,IT Specialist,Web Architect,Media Director,Government Reporter,Jr. Graphic Designer,,,,Sr. Cybersecurity Operations Engineer,,,,,,,Technical and Creative Writer - Communications,,,,,,,,,,
Technical Business Analyst,,,Private Equity Analyst - Senior Housing/Real Estate,Business Analyst - U.S.,,Sponsorship Sales Executive,Production Artist (Apparel),Freelance Senior Copywriter,Project Manager - JD Edwards,,,,Audit Manager - Credit Risk,,,,,Senior Analyst/Associate - Tech Investment Bank,,"Director, Infrastructure and Operations",,SEO Specialist,,,Electrical Engineer,Equity Sales Assistant,Data Analyst,Business Analyst,Quantitative Data Analyst,UI/UX Designer,,,,Data Scientist,Electronic Media Associate,,Credit Officer,,Compliance Analyst,Principal or Manager,Talent Acquisition Coordinator,System Administrator,Junior Designer,Process Improvement Manager,,Corporate Travel Manager,,Senior Salesforce Engineer,Event Coordinator,,"Marketing Coordinator, Nature Journals User Marketing",Mechanical Design Engineer,,Software Engineer,,Firmware Engineer,Senior Product Manager,"Manager, Financial Services","Data Scientist, Natural Language Processing",,,,Plante EHS Manager,Web Designer,Real Estate Analyst,"Director of Nursing, Clinical Trials",Software Engineer,Digital Marketing Manager,Sr. Product Marketing Manager,Integrated Project Manager,Art Director,Test Automation Leader,Cloud Ops Engineer,Media Planner,Senior Security Architect,Account Associate,,,,,,,,,,,Solar Energy Engineer,,,,,,,,,,
Database Administrator,,,Invoice and Expense Administrator,Business Development Operations Analyst,,,Email and CRM Analyst - Gymboree,Graphic Designer,Resume Writer,,,,Event and Database Coordinator,,,,,"Marketing Assistant/Office Admin, Hedge Fund",,"Business Analyst, Oracle EBS Order to Cash",,Requirement Analyst,,,Social Media Manager,Senior Compliance Analyst,"Director, Network Security Engineering",Office Administrator,Quality Assurance Analyst,Collections/Administrative Assistant,,,,"Manager, Region Events",IT Marketing Analyst,,Product Manager,,,,HR Finance Manager,Sales Manager,Business Analyst,,,Senior Account Executive - Technology,,,Business Development Executive,,Head of Nature Careers,,,Mathematician,,Junior Designer - Fitstar,Sr. UX Designer,Experienced Financial Professional,"Senior Associate, Graphic Design",,,,Regional Safety Manager,,Data Summer Analyst,"End User Support Analyst, Sr",Senior Product Manager,Office Hacker/IT Engineer,,Paid Search Manager,Director of Operations,Sales Consultant,,Staff Accountant,Experienced Quant,Assistant Store Manager,,,,,,,,,,,Sales Executive,,,,,,,,,,
Senior Market Research Analyst,,,Private Equity Analyst - Financial Institutions,Executive Assistant,,,Web Designer,Marketing Operations Coordinator,Vice President of Sales Production Operations,,,,Credit Risk Analyst,,,,,,,Digital Designer,,Frontend Developer,,,Software Engineer,,Commercial Real Estate Analyst,Sr. Business Analyst/Project Manager,Data Analyst for Internal Audit,Senior Graphic Designer,,,,Business Intelligence Business Analyst,,,Administrative Assistant,,,,Risk Engineer,Sales Executive,Financial Analyst,,,Senior Specialist - Business Development,,,,,,,,QA Analyst,,Firmware Data Scientist,Sr. Software Engineer,,,,,,Controls Engineer,,Market Strategy & Analysis Associate,Analytics Coordinator - Strategy and Innovation,Senior Software Engineer,Director of Client Solutions,,,,Communications Specialist,,,Client Solutions Manager,Head of Payroll,,,,,,,,,,,Operations Planner,,,,,,,,,,
"Technical Account Manager, Ad Operations",,,VP - Senior Asset Manager - Real Estate,"Associate Consultant, Data & Analytics - U.S.",,,Ecommerce Manager - Gymboree,Freelance Designer,Ruby on Rails Developer,,,,,,,,,,,Junior Jeweler,,,,,IT Network Engineer,,,,High Net Worth Lending CFO,,,,,Loyalty Business Analyst,,,,,,,Corporate Actuarial Analyst,,,,,Account Executive - Technology,,,,,,,,Product Manager,,,,,,,,,Solutions Architect,,Primary Investment Research Analyst,,Manager of Sales Compensation,Director of Business Development,,,,Techincal Account Manager,,,,,,,,,,,,,,,Team Leader - Wind Energy,,,,,,,,,,
Director of Sales - Media,,,Drawbridge Special Opportunities Fund Accountant,Associate Consultant - Management Consulting,,,Senior Apparel Designer - Crazy 8,Senior Digital Strategist,,,,,,,,,,,,Digital Production Artist,,,,,Human Resources Generalist,,,,,,,,,,,,,,,,,,,,,,,,,,,,,,,,,,,,,,BI Developer,,,,,,,,,,,,,,,,,,,,,,,,,,,,,,,,,,
Technical Account Manager,,,Energy M&A - Upstream,Principal Data Scientist,,,"Senior Designer, Women's Outerwear",Media Planner,,,,,,,,,,,,Executive Assistant,,,,,,,,,,,,,,,,,,,,,,,,,,,,,,,,,,,,,,,,,,,Systems Engineer,,,,,,,,,,,,,,,,,,,,,,,,,,,,,,,,,,
Vice President of Market Research,,,,Accounting Administrator,,,Merchandise Coordinator - Crazy 8,Human Resources Manager/Optaros,,,,,,,,,,,,Assistant Producer,,,,,,,,,,,,,,,,,,,,,,,,,,,,,,,,,,,,,,,,,,,,,,,,,,,,,,,,,,,,,,,,,,,,,,,,,,,,,
,,,,"Director, Management Consulting",,,Assistant Accessory Designer - Gymboree,Demandware Tech Lead/Optaros,,,,,,,,,,,,Mechanical/Production Artist,,,,,,,,,,,,,,,,,,,,,,,,,,,,,,,,,,,,,,,,,,,,,,,,,,,,,,,,,,,,,,,,,,,,,,,,,,,,,
,,,,Associate Director - U.S.,,,Visual Merchandising Associate,UX Intern,,,,,,,,,,,,"Project Manager, Design Operations",,,,,,,,,,,,,,,,,,,,,,,,,,,,,,,,,,,,,,,,,,,,,,,,,,,,,,,,,,,,,,,,,,,,,,,,,,,,,
,,,,Senior Consultant/Trainer - Data & Analytics - U.S.,,,Fit Technician / Technical Designer,Freelance Art Director,,,,,,,,,,,,"Senior Director, Visual Merchandising",,,,,,,,,,,,,,,,,,,,,,,,,,,,,,,,,,,,,,,,,,,,,,,,,,,,,,,,,,,,,,,,,,,,,,,,,,,,,
,,,,"Director, Financial Services Consulting",,,Icebreaker Store Manager,Technical Lead,,,,,,,,,,,,"Senior Developer, Oracle EBS",,,,,,,,,,,,,,,,,,,,,,,,,,,,,,,,,,,,,,,,,,,,,,,,,,,,,,,,,,,,,,,,,,,,,,,,,,,,,
,,,,,,,Patternmaker,Senior Developer - Sitecore/Freelance,,,,,,,,,,,,,,,,,,,,,,,,,,,,,,,,,,,,,,,,,,,,,,,,,,,,,,,,,,,,,,,,,,,,,,,,,,,,,,,,,,,,,,,,,
,,,,,,,,Account Director,,,,,,,,,,,,,,,,,,,,,,,,,,,,,,,,,,,,,,,,,,,,,,,,,,,,,,,,,,,,,,,,,,,,,,,,,,,,,,,,,,,,,,,,,
,,,,,,,,Associate Media Director,,,,,,,,,,,,,,,,,,,,,,,,,,,,,,,,,,,,,,,,,,,,,,,,,,,,,,,,,,,,,,,,,,,,,,,,,,,,,,,,,,,,,,,,,
,,,,,,,,Freelance Web Architect - Acquia Drupal,,,,,,,,,,,,,,,,,,,,,,,,,,,,,,,,,,,,,,,,,,,,,,,,,,,,,,,,,,,,,,,,,,,,,,,,,,,,,,,,,,,,,,,,,